,epoch,accuracy,false_negatives,false_positives,loss,precision,recall,true_negatives,true_positives,val_accuracy,val_false_negatives,val_false_positives,val_loss,val_precision,val_recall,val_true_negatives,val_true_positives,traintime
0,0,0.9110895395278932,108.0,717.0,0.2656141817569732,0.9151679873466492,0.9862297773361206,719.0,7735.0,0.9400861859321594,23.0,116.0,0.1806061267852783,0.9435248374938964,0.9882712960243224,243.0,1938.0,132.82411489999998
1,1,0.9457916021347046,109.0,394.0,0.1798639744520187,0.9515255689620972,0.986102283000946,1042.0,7734.0,0.951724112033844,29.0,83.0,0.1676886975765228,0.958808958530426,0.9852116107940674,276.0,1932.0,104.4225155
2,2,0.9595861434936525,105.0,270.0,0.1286114156246185,0.9662837386131288,0.9866122603416444,1166.0,7738.0,0.9668103456497192,10.0,67.0,0.105560265481472,0.9667987823486328,0.9949005842208862,292.0,1951.0,108.4667015
3,3,0.9691777229309082,87.0,199.0,0.0880677476525306,0.9749842882156372,0.988907277584076,1237.0,7756.0,0.9719827771186828,12.0,53.0,0.0962786227464675,0.9735264778137208,0.9938806891441344,306.0,1949.0,105.99367500000005
4,4,0.9729496836662292,69.0,182.0,0.076294720172882,0.9771241545677184,0.9912023544311525,1254.0,7774.0,0.9693965315818788,3.0,68.0,0.0854040160775184,0.9664363265037536,0.9984701871871948,291.0,1958.0,104.72592730000002
5,5,0.9755361676216124,60.0,167.0,0.0704859122633934,0.9789937138557434,0.9923498630523682,1269.0,7783.0,0.978017270565033,22.0,29.0,0.0843096449971199,0.985264241695404,0.988781213760376,330.0,1939.0,106.1319641
6,6,0.9768294095993042,64.0,151.0,0.0652410089969635,0.9809584021568298,0.99183988571167,1285.0,7779.0,0.9762930870056152,17.0,38.0,0.0687383487820625,0.9808274507522584,0.9913309812545776,321.0,1944.0,104.10499370000002
7,7,0.9755361676216124,76.0,151.0,0.0630745068192482,0.9809295535087584,0.9903098344802856,1285.0,7767.0,0.9771551489830016,10.0,43.0,0.0826512351632118,0.9784352779388428,0.9949005842208862,316.0,1951.0,104.72265279999999
8,8,0.978014886379242,68.0,136.0,0.0581271573901176,0.9828087687492372,0.9913298487663268,1300.0,7775.0,0.9741379022598268,21.0,39.0,0.0977565720677375,0.9802930951118468,0.9892911911010742,320.0,1940.0,103.72943799999996
9,9,0.9802780747413636,56.0,127.0,0.0536573678255081,0.9839524626731871,0.9928598999977112,1309.0,7787.0,0.978017270565033,28.0,23.0,0.0509374998509883,0.9882413148880004,0.9857215881347656,336.0,1933.0,103.33273039999995
10,10,0.9844810962677002,46.0,98.0,0.0444288328289985,0.9875870943069458,0.9941349029541016,1338.0,7797.0,0.9771551489830016,8.0,45.0,0.0684083476662635,0.977477490901947,0.9959204196929932,314.0,1953.0,102.76908789999993
11,11,0.9825412034988404,59.0,103.0,0.0442315563559532,0.9869405627250672,0.9924773573875428,1333.0,7784.0,0.9853448271751404,15.0,19.0,0.0541731305420398,0.9903308153152466,0.9923508167266846,340.0,1946.0,103.84768299999996
12,12,0.985666573047638,43.0,90.0,0.039857842028141,0.9885931611061096,0.9945173859596252,1346.0,7800.0,0.982758641242981,17.0,23.0,0.0536989904940128,0.9883070588111876,0.9913309812545776,336.0,1944.0,105.87519930000008
13,13,0.9865286946296692,50.0,75.0,0.037370603531599,0.9904677271842957,0.9936248660087584,1361.0,7793.0,0.9814655184745787,13.0,30.0,0.0557807795703411,0.9848331809043884,0.9933707118034364,329.0,1948.0,103.28664289999983
14,14,0.9887918829917908,35.0,69.0,0.0334864780306816,0.9912403225898744,0.9955374002456664,1367.0,7808.0,0.9823275804519652,11.0,30.0,0.0566913075745105,0.9848484992980956,0.994390606880188,329.0,1950.0,102.08274469999992
15,15,0.9888996481895448,34.0,69.0,0.0321688391268253,0.991241455078125,0.9956648945808412,1367.0,7809.0,0.9801723957061768,4.0,42.0,0.0806091949343681,0.9789894819259644,0.9979602098464966,317.0,1957.0,108.43520999999987
16,16,0.9901928901672364,24.0,67.0,0.0265731383115053,0.9915039539337158,0.9969399571418762,1369.0,7819.0,0.9840517044067384,15.0,22.0,0.0581325069069862,0.9888211488723756,0.9923508167266846,337.0,1946.0,102.22381059999998
17,17,0.9900851249694824,37.0,55.0,0.0263718515634536,0.9930034279823304,0.9952824115753174,1381.0,7806.0,0.9758620858192444,34.0,22.0,0.0803125873208046,0.9887121319770812,0.9826619029045104,337.0,1927.0,102.93410840000001
18,18,0.9886841177940368,32.0,73.0,0.0331538394093513,0.9907407164573668,0.995919942855835,1363.0,7811.0,0.9853448271751404,11.0,23.0,0.0496000312268734,0.9883426427841188,0.994390606880188,336.0,1950.0,101.64379340000005
19,19,0.99224054813385,18.0,54.0,0.0215386282652616,0.9931463599205016,0.9977049827575684,1382.0,7825.0,0.984482765197754,11.0,25.0,0.0486666336655616,0.9873417615890504,0.994390606880188,334.0,1950.0,109.52893979999999
20,20,0.99224054813385,26.0,46.0,0.0228659622371196,0.9941498041152954,0.9966849684715272,1390.0,7817.0,0.982758641242981,17.0,23.0,0.0610432140529155,0.9883070588111876,0.9913309812545776,336.0,1944.0,109.55990410000004
21,21,0.99321049451828,18.0,45.0,0.0217923019081354,0.994282066822052,0.9977049827575684,1391.0,7825.0,0.9801723957061768,26.0,20.0,0.0702708512544632,0.9897698163986206,0.9867414832115172,339.0,1935.0,102.4806222000002
22,22,0.994288206100464,12.0,41.0,0.0143233407288789,0.9947916865348816,0.9984699487686156,1395.0,7831.0,0.9866379499435424,7.0,24.0,0.0500529371201992,0.9878665208816528,0.9964303970336914,335.0,1954.0,102.9889820000003
23,23,0.991378366947174,28.0,52.0,0.0258645247668027,0.9933900833129884,0.9964299201965332,1384.0,7815.0,0.982758641242981,2.0,38.0,0.173064038157463,0.9809714555740356,0.9989801049232484,321.0,1959.0,100.38632860000007
24,24,0.9897618293762208,33.0,62.0,0.0312961116433143,0.9921239614486694,0.9957924485206604,1374.0,7810.0,0.9883620738983154,6.0,21.0,0.037258643656969,0.989372491836548,0.9969403147697448,338.0,1955.0,100.7725648999999
25,25,0.9953658580780028,4.0,39.0,0.0127461152151227,0.9950494766235352,0.999489963054657,1397.0,7839.0,0.9866379499435424,7.0,24.0,0.0445254631340503,0.9878665208816528,0.9964303970336914,335.0,1954.0,100.97043179999991
26,26,0.9967668652534484,1.0,29.0,0.0085240006446838,0.996315598487854,0.9998725056648254,1407.0,7842.0,0.9900861978530884,6.0,17.0,0.0458242744207382,0.9913793206214904,0.9969403147697448,342.0,1955.0,100.16863050000029
27,27,0.9871753454208374,38.0,81.0,0.058995071798563,0.9897286295890808,0.9951549172401428,1355.0,7805.0,0.9862068891525269,9.0,23.0,0.0553231127560138,0.9883544445037842,0.9954105019569396,336.0,1952.0,100.065967
28,28,0.993102729320526,17.0,47.0,0.0213827230036258,0.994030237197876,0.9978324770927428,1389.0,7826.0,0.9849137663841248,8.0,27.0,0.0557933412492275,0.986363649368286,0.9959204196929932,332.0,1953.0,101.94792959999995
29,29,0.996120274066925,4.0,32.0,0.0114057613536715,0.9959344267845154,0.999489963054657,1404.0,7839.0,0.9849137663841248,5.0,30.0,0.0816426798701286,0.9848942756652832,0.9974502921104432,329.0,1956.0,99.60617469999988
30,30,0.9947192668914796,11.0,38.0,0.014174242503941,0.9951715469360352,0.9985975027084352,1398.0,7832.0,0.984482765197754,4.0,32.0,0.0701603144407272,0.9839115142822266,0.9979602098464966,327.0,1957.0,99.53155819999984
31,31,0.9935337901115416,17.0,43.0,0.0202274303883314,0.994535505771637,0.9978324770927428,1393.0,7826.0,0.9879310131072998,5.0,23.0,0.0445922277867794,0.9883779883384703,0.9974502921104432,336.0,1956.0,99.41044609999972
32,32,0.996228039264679,9.0,26.0,0.0100683905184268,0.9966921210289,0.9988524913787842,1410.0,7834.0,0.990517258644104,3.0,19.0,0.0539430528879165,0.9903894662857056,0.9984701871871948,340.0,1958.0,99.50648610000007
33,33,0.9955814480781556,12.0,29.0,0.0128868082538247,0.9963104128837584,0.9984699487686156,1407.0,7831.0,0.9900861978530884,6.0,17.0,0.0354196690022945,0.9913793206214904,0.9969403147697448,342.0,1955.0,99.46097650000002
34,34,0.9971979856491088,3.0,23.0,0.0069137811660766,0.9970749020576476,0.9996175169944764,1413.0,7840.0,0.9913793206214904,9.0,11.0,0.0391703359782695,0.9943963289260864,0.9954105019569396,348.0,1952.0,99.47398040000007
35,35,0.9984912276268004,2.0,12.0,0.0047096419148147,0.9984719157218932,0.9997450113296508,1424.0,7841.0,0.9918103218078612,8.0,11.0,0.0609317310154438,0.9943991899490356,0.9959204196929932,348.0,1953.0,99.24675680000018
36,36,0.9966591000556946,16.0,15.0,0.0086170509457588,0.9980872273445128,0.9979599714279176,1421.0,7827.0,0.9879310131072998,13.0,15.0,0.045851569622755,0.99235862493515,0.9933707118034364,344.0,1948.0,99.31533219999983
37,37,0.9927793741226196,24.0,43.0,0.0268673952668905,0.9945306777954102,0.9969399571418762,1393.0,7819.0,0.9900861978530884,2.0,21.0,0.0512027218937873,0.989393949508667,0.9989801049232484,338.0,1959.0,99.6055422000004
38,38,0.9975212812423706,9.0,14.0,0.007715318351984,0.9982160925865172,0.9988524913787842,1422.0,7834.0,0.990517258644104,5.0,17.0,0.0632092878222465,0.9913836717605592,0.9974502921104432,342.0,1956.0,99.41212150000001
39,39,0.9987067580223083,4.0,8.0,0.0043576871976256,0.9989805221557616,0.999489963054657,1428.0,7839.0,0.9900861978530884,4.0,19.0,0.060868926346302,0.9903846383094788,0.9979602098464966,340.0,1957.0,99.33541200000036
40,40,0.9967668652534484,13.0,17.0,0.0085629103705286,0.9978335499763488,0.9983424544334412,1419.0,7830.0,0.9849137663841248,1.0,34.0,0.1159766614437103,0.9829488396644592,0.9994900822639464,325.0,1960.0,99.37308519999988
41,41,0.9926716089248656,31.0,37.0,0.0207699202001094,0.9952860474586488,0.9960474371910096,1399.0,7812.0,0.990517258644104,15.0,7.0,0.0491214655339717,0.9964157938957214,0.9923508167266846,352.0,1946.0,99.92387640000015
42,42,0.9918094873428344,35.0,41.0,0.0369780510663986,0.9947764277458192,0.9955374002456664,1395.0,7808.0,0.9883620738983154,9.0,18.0,0.0525935664772987,0.9908629655838012,0.9954105019569396,341.0,1952.0,106.29219689999991
43,43,0.9975212812423706,8.0,15.0,0.0074626025743782,0.9980891942977904,0.9989799857139589,1421.0,7835.0,0.9900861978530884,7.0,16.0,0.0459953323006629,0.9918781518936156,0.9964303970336914,343.0,1954.0,101.55891340000016
44,44,0.9981679320335388,8.0,9.0,0.004314016085118,0.9988526105880736,0.9989799857139589,1427.0,7835.0,0.9918103218078612,3.0,16.0,0.0516080930829048,0.9918946027755736,0.9984701871871948,343.0,1958.0,102.38105589999941
45,45,0.9955814480781556,19.0,22.0,0.0143574206158518,0.9971960186958312,0.997577428817749,1414.0,7824.0,0.9896551966667176,7.0,17.0,0.0518722981214523,0.9913749098777772,0.9964303970336914,342.0,1954.0,100.27178749999985
46,46,0.9969824552536012,10.0,18.0,0.0080528687685728,0.9977073073387146,0.9987249970436096,1418.0,7833.0,0.9918103218078612,4.0,15.0,0.046722438186407,0.9923934936523438,0.9979602098464966,344.0,1957.0,100.35094330000084
47,47,0.9985989928245544,5.0,8.0,0.0032687787897884,0.9989803433418274,0.9993624687194824,1428.0,7838.0,0.9913793206214904,3.0,17.0,0.0668703988194465,0.9913924336433412,0.9984701871871948,342.0,1958.0,101.1661425000002
48,48,0.999245584011078,2.0,5.0,0.0028783725574612,0.9993627071380616,0.9997450113296508,1431.0,7841.0,0.9883620738983154,4.0,23.0,0.1171125322580337,0.9883838295936584,0.9979602098464966,336.0,1957.0,101.63398600000073
49,49,0.996120274066925,17.0,19.0,0.0151237044483423,0.9975780844688416,0.9978324770927428,1417.0,7826.0,0.984482765197754,1.0,35.0,0.0796823352575302,0.9824561476707458,0.9994900822639464,324.0,1960.0,102.6853414999996
50,50,0.9977368116378784,7.0,14.0,0.0069728577509522,0.9982165694236756,0.9991074800491332,1422.0,7836.0,0.990517258644104,3.0,19.0,0.0509048923850059,0.9903894662857056,0.9984701871871948,340.0,1958.0,102.84503799999948
51,51,0.9983834624290466,7.0,8.0,0.0043078083544969,0.9989801049232484,0.9991074800491332,1428.0,7836.0,0.9926724433898926,4.0,13.0,0.0489052757620811,0.9934009909629822,0.9979602098464966,346.0,1957.0,101.1670352000001
52,52,0.999137818813324,3.0,5.0,0.0031424146145582,0.9993626475334167,0.9996175169944764,1431.0,7840.0,0.9926724433898926,6.0,11.0,0.0281473323702812,0.994404911994934,0.9969403147697448,348.0,1955.0,105.28615590000027
53,53,0.9945037364959716,23.0,28.0,0.0204590111970901,0.9964321851730348,0.9970674514770508,1408.0,7820.0,0.9926724433898926,7.0,10.0,0.0293089710175991,0.994908332824707,0.9964303970336914,349.0,1954.0,109.5459621
54,54,0.9943959712982178,22.0,30.0,0.0221992582082748,0.9961788058280944,0.9971949458122252,1406.0,7821.0,0.9896551966667176,5.0,19.0,0.0372524745762348,0.9903797507286072,0.9974502921104432,340.0,1956.0,108.40780619999987
55,55,0.9982756972312928,3.0,13.0,0.0045287469401955,0.9983446002006532,0.9996175169944764,1423.0,7840.0,0.9931034445762634,5.0,11.0,0.036964226514101,0.9944077134132384,0.9974502921104432,348.0,1956.0,108.17530710000028
56,56,0.9974135160446168,9.0,15.0,0.0062867631204426,0.9980889558792114,0.9988524913787842,1421.0,7834.0,0.9931034445762634,8.0,8.0,0.0276085920631885,0.9959204196929932,0.9959204196929932,351.0,1953.0,107.02109930000006
57,57,0.9963358044624328,16.0,18.0,0.0163903590291738,0.9977055191993712,0.9979599714279176,1418.0,7827.0,0.9879310131072998,8.0,20.0,0.0374167077243328,0.9898631572723388,0.9959204196929932,339.0,1953.0,106.60583150000002
58,58,0.9965513348579408,12.0,20.0,0.0126966824755072,0.9974525570869446,0.9984699487686156,1416.0,7831.0,0.9909482598304749,4.0,17.0,0.0450164191424846,0.9913880228996276,0.9979602098464966,342.0,1957.0,106.99866909999946
59,59,0.99903005361557,3.0,6.0,0.0027963088359683,0.9992352724075316,0.9996175169944764,1430.0,7840.0,0.9931034445762634,2.0,14.0,0.0458739846944808,0.9929041862487792,0.9989801049232484,345.0,1959.0,104.40054909999981
60,60,0.9996767044067384,1.0,2.0,0.0015221693320199,0.9997450113296508,0.9998725056648254,1434.0,7842.0,0.990517258644104,0.0,22.0,0.0660545825958252,0.9889057278633118,1.0,337.0,1961.0,103.8803468999995
61,61,0.9995689392089844,2.0,2.0,0.0012062540045008,0.9997450113296508,0.9997450113296508,1434.0,7841.0,0.9909482598304749,1.0,20.0,0.0687887296080589,0.9898989796638488,0.9994900822639464,339.0,1960.0,104.0992053
62,62,0.9996767044067384,1.0,2.0,0.0011335399467498,0.9997450113296508,0.9998725056648254,1434.0,7842.0,0.9931034445762634,4.0,12.0,0.0560151413083076,0.993905544281006,0.9979602098464966,347.0,1957.0,105.59557310000037
63,63,0.9995689392089844,2.0,2.0,0.0010383652988821,0.9997450113296508,0.9997450113296508,1434.0,7841.0,0.9931034445762634,3.0,13.0,0.0572016276419162,0.9934043884277344,0.9984701871871948,346.0,1958.0,104.70474130000002
64,64,0.999892234802246,0.0,1.0,0.0007253337535075,0.9998725056648254,1.0,1435.0,7843.0,0.99396550655365,1.0,13.0,0.0645442605018615,0.9934110641479492,0.9994900822639464,346.0,1960.0,101.21430119999968
65,65,0.9995689392089844,2.0,2.0,0.0009554696152918,0.9997450113296508,0.9997450113296508,1434.0,7841.0,0.9913793206214904,4.0,16.0,0.0757522508502006,0.991890549659729,0.9979602098464966,343.0,1957.0,100.79237730000023
66,66,0.9997844696044922,1.0,1.0,0.0007142733084037,0.9998725056648254,0.9998725056648254,1435.0,7842.0,0.992241382598877,3.0,15.0,0.0772275105118751,0.9923973679542542,0.9984701871871948,344.0,1958.0,102.65397070000017
67,67,0.993102729320526,30.0,34.0,0.0209786146879196,0.9956671595573424,0.996174931526184,1402.0,7813.0,0.993534505367279,1.0,14.0,0.0374693423509597,0.9929078221321106,0.9994900822639464,345.0,1960.0,106.31766719999996
68,68,0.9951503276824952,19.0,26.0,0.0157087594270706,0.9966878890991212,0.997577428817749,1410.0,7824.0,0.987500011920929,0.0,29.0,0.0833083391189575,0.9854271411895752,1.0,330.0,1961.0,102.80006669999966
69,69,0.9964435696601868,11.0,22.0,0.014686930924654,0.9971988797187804,0.9985975027084352,1414.0,7832.0,0.9913793206214904,1.0,19.0,0.0454166270792484,0.990399181842804,0.9994900822639464,340.0,1960.0,104.53106399999979
70,70,0.9985989928245544,3.0,10.0,0.004823537543416,0.9987261295318604,0.9996175169944764,1426.0,7840.0,0.9909482598304749,3.0,18.0,0.0351849272847175,0.9908906817436218,0.9984701871871948,341.0,1958.0,104.9676515000001
71,71,0.9996767044067384,0.0,3.0,0.0018724622204899,0.999617636203766,1.0,1433.0,7843.0,0.9918103218078612,2.0,17.0,0.0609622225165367,0.9913967847824096,0.9989801049232484,342.0,1959.0,105.45965700000033
72,72,0.999245584011078,1.0,6.0,0.0017729187384247,0.999235451221466,0.9998725056648254,1430.0,7842.0,0.9909482598304749,3.0,18.0,0.05586414411664,0.9908906817436218,0.9984701871871948,341.0,1958.0,103.46169670000018
73,73,0.9994611740112304,1.0,4.0,0.0015717095229774,0.999490201473236,0.9998725056648254,1432.0,7842.0,0.992241382598877,8.0,10.0,0.0410815924406051,0.9949057698249816,0.9959204196929932,349.0,1953.0,104.46662299999934
74,74,0.996120274066925,15.0,21.0,0.0148568907752633,0.997324526309967,0.998087465763092,1415.0,7828.0,0.9913793206214904,2.0,18.0,0.0337321199476718,0.9908952713012696,0.9989801049232484,341.0,1959.0,105.61558640000021
75,75,0.99903005361557,2.0,7.0,0.0027814097702503,0.999108076095581,0.9997450113296508,1429.0,7841.0,0.993534505367279,3.0,12.0,0.0333392210304737,0.9939086437225342,0.9984701871871948,347.0,1958.0,106.70494830000007
76,76,0.9993533492088318,2.0,4.0,0.0016543599776923,0.9994901418685912,0.9997450113296508,1432.0,7841.0,0.9887930750846864,21.0,5.0,0.098474308848381,0.9974293112754822,0.9892911911010742,354.0,1940.0,105.01868509999986
77,77,0.996228039264679,18.0,17.0,0.0128738954663276,0.997832179069519,0.9977049827575684,1419.0,7825.0,0.9887930750846864,2.0,24.0,0.0475321225821971,0.9878970980644226,0.9989801049232484,335.0,1959.0,101.36004670000057
78,78,0.9996767044067384,0.0,3.0,0.0014882271643728,0.999617636203766,1.0,1433.0,7843.0,0.9909482598304749,7.0,14.0,0.0814654901623725,0.9928861856460572,0.9964303970336914,345.0,1954.0,104.55864960000054
79,79,0.9997844696044922,1.0,1.0,0.0007459287880919,0.9998725056648254,0.9998725056648254,1435.0,7842.0,0.9913793206214904,1.0,19.0,0.0698274597525596,0.990399181842804,0.9994900822639464,340.0,1960.0,105.30207130000053
80,80,0.999892234802246,0.0,1.0,0.0004371317627374,0.9998725056648254,1.0,1435.0,7843.0,0.9909482598304749,2.0,19.0,0.0813826099038124,0.9903943538665771,0.9989801049232484,340.0,1959.0,104.24207399999977
81,81,0.999892234802246,0.0,1.0,0.0003506663779262,0.9998725056648254,1.0,1435.0,7843.0,0.9926724433898926,4.0,13.0,0.0709738954901695,0.9934009909629822,0.9979602098464966,346.0,1957.0,103.16157399999975
82,82,0.9997844696044922,1.0,1.0,0.0003276506322436,0.9998725056648254,0.9998725056648254,1435.0,7842.0,0.9913793206214904,2.0,18.0,0.0747194439172744,0.9908952713012696,0.9989801049232484,341.0,1959.0,108.51696699999957
83,83,0.999892234802246,0.0,1.0,0.0003600958152674,0.9998725056648254,1.0,1435.0,7843.0,0.990517258644104,2.0,20.0,0.0866542607545852,0.989893913269043,0.9989801049232484,339.0,1959.0,105.4532124999987
84,84,0.9997844696044922,1.0,1.0,0.0004017415340058,0.9998725056648254,0.9998725056648254,1435.0,7842.0,0.992241382598877,3.0,15.0,0.085024356842041,0.9923973679542542,0.9984701871871948,344.0,1958.0,105.16162110000005
85,85,0.9997844696044922,1.0,1.0,0.0002572024241089,0.9998725056648254,0.9998725056648254,1435.0,7842.0,0.9909482598304749,3.0,18.0,0.1079306602478027,0.9908906817436218,0.9984701871871948,341.0,1958.0,104.77491080000073
86,86,0.999892234802246,0.0,1.0,0.0002008992014452,0.9998725056648254,1.0,1435.0,7843.0,0.9913793206214904,2.0,18.0,0.1062440797686576,0.9908952713012696,0.9989801049232484,341.0,1959.0,104.46632809999937
87,87,0.9896540641784668,43.0,53.0,0.0427632220089435,0.9932509660720824,0.9945173859596252,1383.0,7800.0,0.9870689511299132,1.0,29.0,0.0714909508824348,0.9854198098182678,0.9994900822639464,330.0,1960.0,103.94863220000116
88,88,0.9928871393203736,31.0,35.0,0.0271503161638975,0.9955397248268129,0.9960474371910096,1401.0,7812.0,0.9870689511299132,1.0,29.0,0.1897208839654922,0.9854198098182678,0.9994900822639464,330.0,1960.0,104.10115849999966
89,89,0.9968746900558472,13.0,16.0,0.0087098851799964,0.9979607462882996,0.9983424544334412,1420.0,7830.0,0.9931034445762634,2.0,14.0,0.0499685667455196,0.9929041862487792,0.9989801049232484,345.0,1959.0,103.63360550000107
90,90,0.999245584011078,1.0,6.0,0.0118283117190003,0.999235451221466,0.9998725056648254,1430.0,7842.0,0.9887930750846864,6.0,20.0,0.115661583840847,0.9898734092712402,0.9969403147697448,339.0,1955.0,107.04832300000089
91,91,0.9950425624847412,22.0,24.0,0.0179421100765466,0.9969407320022584,0.9971949458122252,1412.0,7821.0,0.9896551966667176,1.0,23.0,0.0789971798658371,0.9884014129638672,0.9994900822639464,336.0,1960.0,104.55915749999986
92,92,0.9995689392089844,0.0,4.0,0.0017225970514118,0.9994902610778807,1.0,1432.0,7843.0,0.9909482598304749,1.0,20.0,0.0882305800914764,0.9898989796638488,0.9994900822639464,339.0,1960.0,103.60299170000144
93,93,0.999892234802246,0.0,1.0,0.0005838467623107,0.9998725056648254,1.0,1435.0,7843.0,0.9926724433898926,1.0,16.0,0.1095630154013633,0.9919028282165528,0.9994900822639464,343.0,1960.0,108.65042740000172
94,94,0.999892234802246,0.0,1.0,0.0004009302647318,0.9998725056648254,1.0,1435.0,7843.0,0.9913793206214904,1.0,19.0,0.192328542470932,0.990399181842804,0.9994900822639464,340.0,1960.0,104.41893370000071
95,95,1.0,0.0,0.0,0.0002015036734519,1.0,1.0,1436.0,7843.0,0.9918103218078612,2.0,17.0,0.258371889591217,0.9913967847824096,0.9989801049232484,342.0,1959.0,104.545660400001
96,96,0.999892234802246,1.0,0.0,0.0002275068982271,1.0,0.9998725056648254,1436.0,7842.0,0.992241382598877,1.0,17.0,0.1178104802966117,0.9914011359214784,0.9994900822639464,342.0,1960.0,103.16571199999998
97,97,1.0,0.0,0.0,0.0001079583453247,1.0,1.0,1436.0,7843.0,0.9909482598304749,1.0,20.0,0.1313970386981964,0.9898989796638488,0.9994900822639464,339.0,1960.0,101.90629120000085
98,98,1.0,0.0,0.0,5.480839536176063e-05,1.0,1.0,1436.0,7843.0,0.9918103218078612,1.0,18.0,0.1314755082130432,0.990899920463562,0.9994900822639464,341.0,1960.0,102.26168990000042
99,99,1.0,0.0,0.0,4.3343046854715794e-05,1.0,1.0,1436.0,7843.0,0.9913793206214904,1.0,19.0,0.1458351612091064,0.990399181842804,0.9994900822639464,340.0,1960.0,101.14682739999989
100,100,1.0,0.0,0.0,2.978322117996868e-05,1.0,1.0,1436.0,7843.0,0.9913793206214904,1.0,19.0,0.155038833618164,0.990399181842804,0.9994900822639464,340.0,1960.0,100.90720450000117
101,101,1.0,0.0,0.0,2.321135434613097e-05,1.0,1.0,1436.0,7843.0,0.9913793206214904,1.0,19.0,0.1621047556400299,0.990399181842804,0.9994900822639464,340.0,1960.0,101.1488186000006
102,102,1.0,0.0,0.0,1.7567461327416822e-05,1.0,1.0,1436.0,7843.0,0.992241382598877,1.0,17.0,0.1633013933897018,0.9914011359214784,0.9994900822639464,342.0,1960.0,102.28353869999955
103,103,1.0,0.0,0.0,1.365139087283751e-05,1.0,1.0,1436.0,7843.0,0.9909482598304749,1.0,20.0,0.1772483438253402,0.9898989796638488,0.9994900822639464,339.0,1960.0,101.84994220000044
104,104,1.0,0.0,0.0,1.072133454727009e-05,1.0,1.0,1436.0,7843.0,0.9913793206214904,1.0,19.0,0.1892070770263672,0.990399181842804,0.9994900822639464,340.0,1960.0,104.13371740000002
105,105,1.0,0.0,0.0,1.0233570719719864e-05,1.0,1.0,1436.0,7843.0,0.9918103218078612,1.0,18.0,0.1866845339536667,0.990899920463562,0.9994900822639464,341.0,1960.0,101.54574189999948
106,106,1.0,0.0,0.0,6.474893325503217e-06,1.0,1.0,1436.0,7843.0,0.992241382598877,1.0,17.0,0.190920889377594,0.9914011359214784,0.9994900822639464,342.0,1960.0,100.82434560000002
107,107,1.0,0.0,0.0,5.219771082920488e-06,1.0,1.0,1436.0,7843.0,0.9913793206214904,1.0,19.0,0.2089284211397171,0.990399181842804,0.9994900822639464,340.0,1960.0,100.12218639999992
108,108,1.0,0.0,0.0,3.833499704342103e-06,1.0,1.0,1436.0,7843.0,0.9913793206214904,1.0,19.0,0.2260674834251403,0.990399181842804,0.9994900822639464,340.0,1960.0,99.78450499999963
109,109,1.0,0.0,0.0,3.585217200452462e-06,1.0,1.0,1436.0,7843.0,0.9918103218078612,1.0,18.0,0.2243999540805816,0.990899920463562,0.9994900822639464,341.0,1960.0,99.85754819999966
110,110,1.0,0.0,0.0,2.4625771857245127e-06,1.0,1.0,1436.0,7843.0,0.9913793206214904,1.0,19.0,0.2401380389928817,0.990399181842804,0.9994900822639464,340.0,1960.0,99.6674421000007
111,111,1.0,0.0,0.0,2.002312157856068e-06,1.0,1.0,1436.0,7843.0,0.9918103218078612,1.0,18.0,0.2517087459564209,0.990899920463562,0.9994900822639464,341.0,1960.0,99.73929280000084
112,112,1.0,0.0,0.0,1.570324911881471e-06,1.0,1.0,1436.0,7843.0,0.9913793206214904,1.0,19.0,0.2613959610462188,0.990399181842804,0.9994900822639464,340.0,1960.0,99.66906940000081
113,113,1.0,0.0,0.0,1.43853083045542e-06,1.0,1.0,1436.0,7843.0,0.9918103218078612,1.0,18.0,0.2602156400680542,0.990899920463562,0.9994900822639464,341.0,1960.0,99.85844009999892
114,114,1.0,0.0,0.0,1.217488716065418e-06,1.0,1.0,1436.0,7843.0,0.9918103218078612,1.0,18.0,0.2698462307453155,0.990899920463562,0.9994900822639464,341.0,1960.0,99.64570110000022
115,115,1.0,0.0,0.0,9.074898912331264e-07,1.0,1.0,1436.0,7843.0,0.992241382598877,1.0,17.0,0.2794204950332641,0.9914011359214784,0.9994900822639464,342.0,1960.0,99.73695489999955
116,116,1.0,0.0,0.0,6.823207741035731e-07,1.0,1.0,1436.0,7843.0,0.9918103218078612,1.0,18.0,0.2807340025901794,0.990899920463562,0.9994900822639464,341.0,1960.0,101.49570390000008
117,117,1.0,0.0,0.0,6.015167741679761e-07,1.0,1.0,1436.0,7843.0,0.992241382598877,1.0,17.0,0.2810623347759247,0.9914011359214784,0.9994900822639464,342.0,1960.0,101.38425929999903
118,118,1.0,0.0,0.0,5.572171062340203e-07,1.0,1.0,1436.0,7843.0,0.9918103218078612,1.0,18.0,0.3075276017189026,0.990899920463562,0.9994900822639464,341.0,1960.0,99.78960409999854
119,119,1.0,0.0,0.0,4.0444749060952745e-07,1.0,1.0,1436.0,7843.0,0.9918103218078612,1.0,18.0,0.3113157451152801,0.990899920463562,0.9994900822639464,341.0,1960.0,102.79715579999902
120,120,1.0,0.0,0.0,3.2881729339351295e-07,1.0,1.0,1436.0,7843.0,0.992241382598877,1.0,17.0,0.3051840662956238,0.9914011359214784,0.9994900822639464,342.0,1960.0,101.73192759999984
121,121,1.0,0.0,0.0,2.921717623394216e-07,1.0,1.0,1436.0,7843.0,0.9918103218078612,1.0,18.0,0.3201649785041809,0.990899920463562,0.9994900822639464,341.0,1960.0,101.78986140000052
122,122,1.0,0.0,0.0,2.2082743100781957e-07,1.0,1.0,1436.0,7843.0,0.9918103218078612,1.0,18.0,0.3276853561401367,0.990899920463562,0.9994900822639464,341.0,1960.0,102.86171359999935
123,123,1.0,0.0,0.0,2.006938331078345e-07,1.0,1.0,1436.0,7843.0,0.9918103218078612,1.0,18.0,0.3353302180767059,0.990899920463562,0.9994900822639464,341.0,1960.0,103.61617959999967
124,124,1.0,0.0,0.0,1.6400703373165018e-07,1.0,1.0,1436.0,7843.0,0.9918103218078612,1.0,18.0,0.3372936248779297,0.990899920463562,0.9994900822639464,341.0,1960.0,103.73571850000008
125,125,1.0,0.0,0.0,1.1880497652327905e-07,1.0,1.0,1436.0,7843.0,0.992241382598877,1.0,17.0,0.3356028795242309,0.9914011359214784,0.9994900822639464,342.0,1960.0,103.13090170000032
126,126,1.0,0.0,0.0,1.1050909165533085e-07,1.0,1.0,1436.0,7843.0,0.9918103218078612,1.0,18.0,0.3477680385112762,0.990899920463562,0.9994900822639464,341.0,1960.0,103.76977240000087
127,127,1.0,0.0,0.0,9.651889598671914e-08,1.0,1.0,1436.0,7843.0,0.9918103218078612,1.0,18.0,0.3594430685043335,0.990899920463562,0.9994900822639464,341.0,1960.0,103.82402759999968
128,128,1.0,0.0,0.0,9.475154882920833e-08,1.0,1.0,1436.0,7843.0,0.9918103218078612,1.0,18.0,0.3631846904754638,0.990899920463562,0.9994900822639464,341.0,1960.0,104.09621700000025
129,129,1.0,0.0,0.0,6.751157854978375e-08,1.0,1.0,1436.0,7843.0,0.992241382598877,1.0,17.0,0.36237633228302,0.9914011359214784,0.9994900822639464,342.0,1960.0,103.74721689999933
130,130,1.0,0.0,0.0,6.046643363788462e-08,1.0,1.0,1436.0,7843.0,0.9918103218078612,1.0,18.0,0.3678091466426849,0.990899920463562,0.9994900822639464,341.0,1960.0,103.83182780000061
131,131,1.0,0.0,0.0,5.528828950218667e-08,1.0,1.0,1436.0,7843.0,0.9918103218078612,1.0,18.0,0.3779753744602203,0.990899920463562,0.9994900822639464,341.0,1960.0,104.35722329999953
132,132,1.0,0.0,0.0,4.8375980554737914e-08,1.0,1.0,1436.0,7843.0,0.992241382598877,1.0,17.0,0.3709732890129089,0.9914011359214784,0.9994900822639464,342.0,1960.0,104.60192989999996
133,133,1.0,0.0,0.0,3.6975414730022755e-08,1.0,1.0,1436.0,7843.0,0.9918103218078612,1.0,18.0,0.3745118379592895,0.990899920463562,0.9994900822639464,341.0,1960.0,100.46152209999855
134,134,1.0,0.0,0.0,3.349713750822048e-08,1.0,1.0,1436.0,7843.0,0.9918103218078612,1.0,18.0,0.3842537701129913,0.990899920463562,0.9994900822639464,341.0,1960.0,99.30643939999936
135,135,1.0,0.0,0.0,2.6142146225538454e-08,1.0,1.0,1436.0,7843.0,0.9918103218078612,1.0,18.0,0.3908948302268982,0.990899920463562,0.9994900822639464,341.0,1960.0,99.32017259999884
136,136,1.0,0.0,0.0,2.508777363630088e-08,1.0,1.0,1436.0,7843.0,0.9918103218078612,1.0,18.0,0.4002423584461212,0.990899920463562,0.9994900822639464,341.0,1960.0,99.29281640000045
137,137,1.0,0.0,0.0,1.9828650721365196e-08,1.0,1.0,1436.0,7843.0,0.9918103218078612,1.0,18.0,0.4019066989421844,0.990899920463562,0.9994900822639464,341.0,1960.0,99.32359739999993
138,138,1.0,0.0,0.0,1.7617395542401937e-08,1.0,1.0,1436.0,7843.0,0.992241382598877,1.0,17.0,0.4002707302570343,0.9914011359214784,0.9994900822639464,342.0,1960.0,99.41095759999916
139,139,1.0,0.0,0.0,1.6342516673262253e-08,1.0,1.0,1436.0,7843.0,0.9918103218078612,1.0,18.0,0.4173288941383362,0.990899920463562,0.9994900822639464,341.0,1960.0,99.40289750000011
140,140,1.0,0.0,0.0,1.3716440427913312e-08,1.0,1.0,1436.0,7843.0,0.9918103218078612,1.0,18.0,0.4206866323947906,0.990899920463562,0.9994900822639464,341.0,1960.0,99.50734759999978
141,141,1.0,0.0,0.0,1.2178244190863552e-08,1.0,1.0,1436.0,7843.0,0.9918103218078612,1.0,18.0,0.4230538308620453,0.990899920463562,0.9994900822639464,341.0,1960.0,99.16123019999941
142,142,1.0,0.0,0.0,1.0117695126155013e-08,1.0,1.0,1436.0,7843.0,0.9918103218078612,1.0,18.0,0.4299190938472748,0.990899920463562,0.9994900822639464,341.0,1960.0,99.31322179999916
143,143,1.0,0.0,0.0,9.203779960387236e-09,1.0,1.0,1436.0,7843.0,0.9918103218078612,1.0,18.0,0.4302225708961487,0.990899920463562,0.9994900822639464,341.0,1960.0,99.44258999999875
144,144,1.0,0.0,0.0,8.323853606384546e-09,1.0,1.0,1436.0,7843.0,0.9918103218078612,1.0,18.0,0.4433829486370086,0.990899920463562,0.9994900822639464,341.0,1960.0,99.3955332000005
145,145,1.0,0.0,0.0,6.661743157110322e-09,1.0,1.0,1436.0,7843.0,0.992241382598877,1.0,17.0,0.4406853914260864,0.9914011359214784,0.9994900822639464,342.0,1960.0,99.31475519999913
146,146,1.0,0.0,0.0,5.650981460547655e-09,1.0,1.0,1436.0,7843.0,0.9918103218078612,1.0,18.0,0.4444324970245361,0.990899920463562,0.9994900822639464,341.0,1960.0,99.42305529999976
147,147,1.0,0.0,0.0,5.4985522801587194e-09,1.0,1.0,1436.0,7843.0,0.992241382598877,1.0,17.0,0.4430522918701172,0.9914011359214784,0.9994900822639464,342.0,1960.0,99.33033679999971
148,148,1.0,0.0,0.0,4.518943441667034e-09,1.0,1.0,1436.0,7843.0,0.9918103218078612,1.0,18.0,0.4543043971061706,0.990899920463562,0.9994900822639464,341.0,1960.0,99.34554469999966
149,149,1.0,0.0,0.0,4.162164390919543e-09,1.0,1.0,1436.0,7843.0,0.992241382598877,1.0,17.0,0.4574934840202331,0.9914011359214784,0.9994900822639464,342.0,1960.0,99.3130086000001
150,150,1.0,0.0,0.0,3.724377251046462e-09,1.0,1.0,1436.0,7843.0,0.992241382598877,1.0,17.0,0.461095780134201,0.9914011359214784,0.9994900822639464,342.0,1960.0,99.46150789999956
151,151,1.0,0.0,0.0,2.986034752794353e-09,1.0,1.0,1436.0,7843.0,0.9918103218078612,1.0,18.0,0.4734472334384918,0.990899920463562,0.9994900822639464,341.0,1960.0,99.30068249999931
152,152,1.0,0.0,0.0,2.92519297673266e-09,1.0,1.0,1436.0,7843.0,0.9918103218078612,1.0,18.0,0.4749593138694763,0.990899920463562,0.9994900822639464,341.0,1960.0,99.52411240000038
153,153,1.0,0.0,0.0,2.6878785863715393e-09,1.0,1.0,1436.0,7843.0,0.992241382598877,1.0,17.0,0.4791753888130188,0.9914011359214784,0.9994900822639464,342.0,1960.0,99.38070240000161
154,154,1.0,0.0,0.0,2.255993170052761e-09,1.0,1.0,1436.0,7843.0,0.992241382598877,1.0,17.0,0.4795538485050201,0.9914011359214784,0.9994900822639464,342.0,1960.0,99.3965532000002
155,155,1.0,0.0,0.0,1.9577697241146552e-09,1.0,1.0,1436.0,7843.0,0.992241382598877,1.0,17.0,0.4864550828933716,0.9914011359214784,0.9994900822639464,342.0,1960.0,99.38039040000149
156,156,1.0,0.0,0.0,1.826995332798731e-09,1.0,1.0,1436.0,7843.0,0.9918103218078612,1.0,18.0,0.4927985966205597,0.990899920463562,0.9994900822639464,341.0,1960.0,99.46483700000135
157,157,1.0,0.0,0.0,1.561906159963655e-09,1.0,1.0,1436.0,7843.0,0.992241382598877,1.0,17.0,0.4878549575805664,0.9914011359214784,0.9994900822639464,342.0,1960.0,99.56549729999824
158,158,1.0,0.0,0.0,1.4605133769052259e-09,1.0,1.0,1436.0,7843.0,0.992241382598877,1.0,17.0,0.489389419555664,0.9914011359214784,0.9994900822639464,342.0,1960.0,99.46805810000114
159,159,1.0,0.0,0.0,1.2348768674286248e-09,1.0,1.0,1436.0,7843.0,0.992241382598877,1.0,17.0,0.5009922981262207,0.9914011359214784,0.9994900822639464,342.0,1960.0,99.36517470000035
160,160,1.0,0.0,0.0,1.2838978769025287e-09,1.0,1.0,1436.0,7843.0,0.992241382598877,1.0,17.0,0.5045269727706909,0.9914011359214784,0.9994900822639464,342.0,1960.0,99.46927119999964
161,161,1.0,0.0,0.0,1.0147233053814375e-09,1.0,1.0,1436.0,7843.0,0.992241382598877,1.0,17.0,0.5010762810707092,0.9914011359214784,0.9994900822639464,342.0,1960.0,99.39388510000208
162,162,1.0,0.0,0.0,9.560352509652148e-10,1.0,1.0,1436.0,7843.0,0.992241382598877,1.0,17.0,0.509998619556427,0.9914011359214784,0.9994900822639464,342.0,1960.0,99.47355139999854
163,163,1.0,0.0,0.0,9.012942614461393e-10,1.0,1.0,1436.0,7843.0,0.992241382598877,1.0,17.0,0.5129453539848328,0.9914011359214784,0.9994900822639464,342.0,1960.0,99.43976099999782
164,164,1.0,0.0,0.0,8.079583668774147e-10,1.0,1.0,1436.0,7843.0,0.9926724433898926,1.0,16.0,0.5104137063026428,0.9919028282165528,0.9994900822639464,343.0,1960.0,99.4683793999975
165,165,1.0,0.0,0.0,7.622129594153647e-10,1.0,1.0,1436.0,7843.0,0.9926724433898926,1.0,16.0,0.5163392424583435,0.9919028282165528,0.9994900822639464,343.0,1960.0,99.52559490000203
166,166,1.0,0.0,0.0,6.163511367951456e-10,1.0,1.0,1436.0,7843.0,0.9926724433898926,1.0,16.0,0.5198745727539062,0.9919028282165528,0.9994900822639464,343.0,1960.0,99.75749490000089
167,167,1.0,0.0,0.0,6.004198804809845e-10,1.0,1.0,1436.0,7843.0,0.9926724433898926,1.0,16.0,0.5192340612411499,0.9919028282165528,0.9994900822639464,343.0,1960.0,99.42755589999797
168,168,1.0,0.0,0.0,5.411291970069954e-10,1.0,1.0,1436.0,7843.0,0.9926724433898926,1.0,16.0,0.5221759676933289,0.9919028282165528,0.9994900822639464,343.0,1960.0,99.7389224000035
169,169,1.0,0.0,0.0,4.770918105023725e-10,1.0,1.0,1436.0,7843.0,0.9926724433898926,1.0,16.0,0.5317131876945496,0.9919028282165528,0.9994900822639464,343.0,1960.0,99.50639109999975
170,170,1.0,0.0,0.0,4.969545885913361e-10,1.0,1.0,1436.0,7843.0,0.9926724433898926,1.0,16.0,0.531276285648346,0.9919028282165528,0.9994900822639464,343.0,1960.0,99.43651749999844
171,171,1.0,0.0,0.0,4.1844117060207964e-10,1.0,1.0,1436.0,7843.0,0.9926724433898926,1.0,16.0,0.5340017676353455,0.9919028282165528,0.9994900822639464,343.0,1960.0,99.39034249999895
172,172,1.0,0.0,0.0,4.1045969401132254e-10,1.0,1.0,1436.0,7843.0,0.9926724433898926,1.0,16.0,0.5375596284866333,0.9919028282165528,0.9994900822639464,343.0,1960.0,99.46426049999718
173,173,1.0,0.0,0.0,3.7055178370160036e-10,1.0,1.0,1436.0,7843.0,0.9926724433898926,1.0,16.0,0.541109561920166,0.9919028282165528,0.9994900822639464,343.0,1960.0,99.40624839999873
174,174,1.0,0.0,0.0,3.4695060713296755e-10,1.0,1.0,1436.0,7843.0,0.9926724433898926,1.0,16.0,0.5423424243927002,0.9919028282165528,0.9994900822639464,343.0,1960.0,99.47614410000097
175,175,1.0,0.0,0.0,3.2345373601749827e-10,1.0,1.0,1436.0,7843.0,0.9926724433898926,1.0,16.0,0.5421004891395569,0.9919028282165528,0.9994900822639464,343.0,1960.0,99.49242080000113
176,176,1.0,0.0,0.0,2.9736496598431467e-10,1.0,1.0,1436.0,7843.0,0.9926724433898926,1.0,16.0,0.5431315898895264,0.9919028282165528,0.9994900822639464,343.0,1960.0,99.63159100000121
177,177,1.0,0.0,0.0,2.785032482410798e-10,1.0,1.0,1436.0,7843.0,0.9926724433898926,1.0,16.0,0.5458073019981384,0.9919028282165528,0.9994900822639464,343.0,1960.0,99.53114939999796
178,178,1.0,0.0,0.0,2.68958688653953e-10,1.0,1.0,1436.0,7843.0,0.9926724433898926,1.0,16.0,0.5449533462524414,0.9919028282165528,0.9994900822639464,343.0,1960.0,99.49198230000184
179,179,1.0,0.0,0.0,2.3857762987411485e-10,1.0,1.0,1436.0,7843.0,0.9926724433898926,1.0,16.0,0.5448930859565735,0.9919028282165528,0.9994900822639464,343.0,1960.0,99.37621189999845
180,180,1.0,0.0,0.0,2.2960254530968166e-10,1.0,1.0,1436.0,7843.0,0.9926724433898926,1.0,16.0,0.5485293865203857,0.9919028282165528,0.9994900822639464,343.0,1960.0,99.36584299999959
181,181,1.0,0.0,0.0,2.1424841067929634e-10,1.0,1.0,1436.0,7843.0,0.9926724433898926,1.0,16.0,0.5508679151535034,0.9919028282165528,0.9994900822639464,343.0,1960.0,99.22885799999858
182,182,1.0,0.0,0.0,1.9699046560628372e-10,1.0,1.0,1436.0,7843.0,0.9926724433898926,1.0,16.0,0.5469019412994385,0.9919028282165528,0.9994900822639464,343.0,1960.0,99.21667619999789
183,183,1.0,0.0,0.0,1.958620071684791e-10,1.0,1.0,1436.0,7843.0,0.9926724433898926,1.0,16.0,0.5512800812721252,0.9919028282165528,0.9994900822639464,343.0,1960.0,99.16592609999861
184,184,1.0,0.0,0.0,1.8516536914869874e-10,1.0,1.0,1436.0,7843.0,0.9926724433898926,1.0,16.0,0.5481470823287964,0.9919028282165528,0.9994900822639464,343.0,1960.0,99.0549233999991
185,185,1.0,0.0,0.0,1.7855171507985546e-10,1.0,1.0,1436.0,7843.0,0.9926724433898926,1.0,16.0,0.5507364869117737,0.9919028282165528,0.9994900822639464,343.0,1960.0,99.13722419999976
186,186,1.0,0.0,0.0,1.70401290300326e-10,1.0,1.0,1436.0,7843.0,0.9926724433898926,1.0,16.0,0.5520097017288208,0.9919028282165528,0.9994900822639464,343.0,1960.0,98.93334280000272
187,187,1.0,0.0,0.0,1.633049251381635e-10,1.0,1.0,1436.0,7843.0,0.9926724433898926,1.0,16.0,0.5541693568229675,0.9919028282165528,0.9994900822639464,343.0,1960.0,98.95932479999829
188,188,1.0,0.0,0.0,1.5423932964164775e-10,1.0,1.0,1436.0,7843.0,0.9926724433898926,1.0,16.0,0.5577227473258972,0.9919028282165528,0.9994900822639464,343.0,1960.0,98.95902299999943
189,189,1.0,0.0,0.0,1.4678759596709054e-10,1.0,1.0,1436.0,7843.0,0.9926724433898926,1.0,16.0,0.5566988587379456,0.9919028282165528,0.9994900822639464,343.0,1960.0,98.8665245000011
190,190,1.0,0.0,0.0,1.4284201599323862e-10,1.0,1.0,1436.0,7843.0,0.9926724433898926,1.0,16.0,0.55881667137146,0.9919028282165528,0.9994900822639464,343.0,1960.0,98.89696340000228
191,191,1.0,0.0,0.0,1.3750828253833447e-10,1.0,1.0,1436.0,7843.0,0.9926724433898926,1.0,16.0,0.5582298040390015,0.9919028282165528,0.9994900822639464,343.0,1960.0,98.91124610000043
192,192,1.0,0.0,0.0,1.3380825614195402e-10,1.0,1.0,1436.0,7843.0,0.9926724433898926,1.0,16.0,0.5619145631790161,0.9919028282165528,0.9994900822639464,343.0,1960.0,98.79410370000187
193,193,1.0,0.0,0.0,1.2202303056874086e-10,1.0,1.0,1436.0,7843.0,0.9926724433898926,1.0,16.0,0.5603066682815552,0.9919028282165528,0.9994900822639464,343.0,1960.0,99.00342340000134
194,194,1.0,0.0,0.0,1.1928058540888742e-10,1.0,1.0,1436.0,7843.0,0.9926724433898926,1.0,16.0,0.564704418182373,0.9919028282165528,0.9994900822639464,343.0,1960.0,98.94839250000223
195,195,1.0,0.0,0.0,1.1746177641658306e-10,1.0,1.0,1436.0,7843.0,0.9926724433898926,1.0,16.0,0.5654738545417786,0.9919028282165528,0.9994900822639464,343.0,1960.0,98.91664339999988
196,196,1.0,0.0,0.0,1.0908393632824698e-10,1.0,1.0,1436.0,7843.0,0.9926724433898926,1.0,16.0,0.5635489225387573,0.9919028282165528,0.9994900822639464,343.0,1960.0,98.90547719999813
197,197,1.0,0.0,0.0,1.0933251526346055e-10,1.0,1.0,1436.0,7843.0,0.9926724433898926,1.0,16.0,0.5622159242630005,0.9919028282165528,0.9994900822639464,343.0,1960.0,98.8626531000009
198,198,1.0,0.0,0.0,1.0339109429713388e-10,1.0,1.0,1436.0,7843.0,0.9926724433898926,1.0,16.0,0.5608204007148743,0.9919028282165528,0.9994900822639464,343.0,1960.0,98.98803340000086
199,199,1.0,0.0,0.0,1.0305576531033367e-10,1.0,1.0,1436.0,7843.0,0.9926724433898926,1.0,16.0,0.5724998712539673,0.9919028282165528,0.9994900822639464,343.0,1960.0,98.89937429999918
200,200,1.0,0.0,0.0,9.583484006370212e-11,1.0,1.0,1436.0,7843.0,0.9926724433898926,1.0,16.0,0.5716249942779541,0.9919028282165528,0.9994900822639464,343.0,1960.0,98.88443809999808
201,201,1.0,0.0,0.0,9.432712250179164e-11,1.0,1.0,1436.0,7843.0,0.9926724433898926,1.0,16.0,0.569561779499054,0.9919028282165528,0.9994900822639464,343.0,1960.0,98.95688449999943
202,202,1.0,0.0,0.0,9.285669455572075e-11,1.0,1.0,1436.0,7843.0,0.9926724433898926,1.0,16.0,0.5695428848266602,0.9919028282165528,0.9994900822639464,343.0,1960.0,98.90060359999916
203,203,1.0,0.0,0.0,8.896014480619384e-11,1.0,1.0,1436.0,7843.0,0.9926724433898926,1.0,16.0,0.5705602169036865,0.9919028282165528,0.9994900822639464,343.0,1960.0,98.86163619999934
204,204,1.0,0.0,0.0,8.823649449984927e-11,1.0,1.0,1436.0,7843.0,0.9926724433898926,1.0,16.0,0.5732608437538147,0.9919028282165528,0.9994900822639464,343.0,1960.0,98.93063970000003
205,205,1.0,0.0,0.0,8.245972654696843e-11,1.0,1.0,1436.0,7843.0,0.9926724433898926,1.0,16.0,0.5740349292755127,0.9919028282165528,0.9994900822639464,343.0,1960.0,98.81720730000234
206,206,1.0,0.0,0.0,8.461936706893879e-11,1.0,1.0,1436.0,7843.0,0.9926724433898926,1.0,16.0,0.5739385485649109,0.9919028282165528,0.9994900822639464,343.0,1960.0,98.75904580000133
207,207,1.0,0.0,0.0,8.073424567767161e-11,1.0,1.0,1436.0,7843.0,0.9926724433898926,1.0,16.0,0.5721921324729919,0.9919028282165528,0.9994900822639464,343.0,1960.0,98.86866559999908
208,208,1.0,0.0,0.0,8.276036106424911e-11,1.0,1.0,1436.0,7843.0,0.9926724433898926,1.0,16.0,0.5739845037460327,0.9919028282165528,0.9994900822639464,343.0,1960.0,98.84871339999881
209,209,1.0,0.0,0.0,7.867968776498202e-11,1.0,1.0,1436.0,7843.0,0.9926724433898926,1.0,16.0,0.575929582118988,0.9919028282165528,0.9994900822639464,343.0,1960.0,98.91515480000089
210,210,1.0,0.0,0.0,8.004894663793394e-11,1.0,1.0,1436.0,7843.0,0.9926724433898926,1.0,16.0,0.5782891511917114,0.9919028282165528,0.9994900822639464,343.0,1960.0,98.87543879999794
211,211,1.0,0.0,0.0,7.459478867932745e-11,1.0,1.0,1436.0,7843.0,0.9926724433898926,1.0,16.0,0.5777603983879089,0.9919028282165528,0.9994900822639464,343.0,1960.0,98.820021800002
212,212,1.0,0.0,0.0,7.82718959091433e-11,1.0,1.0,1436.0,7843.0,0.9926724433898926,1.0,16.0,0.5815662145614624,0.9919028282165528,0.9994900822639464,343.0,1960.0,98.92061929999909
213,213,1.0,0.0,0.0,7.017294384459305e-11,1.0,1.0,1436.0,7843.0,0.9926724433898926,1.0,16.0,0.5753185749053955,0.9919028282165528,0.9994900822639464,343.0,1960.0,98.88571510000111
214,214,1.0,0.0,0.0,7.229209592063413e-11,1.0,1.0,1436.0,7843.0,0.9926724433898926,1.0,16.0,0.5777935981750488,0.9919028282165528,0.9994900822639464,343.0,1960.0,98.76628390000042
215,215,1.0,0.0,0.0,7.261249240775314e-11,1.0,1.0,1436.0,7843.0,0.9926724433898926,1.0,16.0,0.5801133513450623,0.9919028282165528,0.9994900822639464,343.0,1960.0,98.76966230000107
216,216,1.0,0.0,0.0,7.151817332795574e-11,1.0,1.0,1436.0,7843.0,0.9926724433898926,1.0,16.0,0.5779138803482056,0.9919028282165528,0.9994900822639464,343.0,1960.0,98.85854570000083
217,217,1.0,0.0,0.0,6.827890336458253e-11,1.0,1.0,1436.0,7843.0,0.9926724433898926,1.0,16.0,0.5805073976516724,0.9919028282165528,0.9994900822639464,343.0,1960.0,98.88201349999872
218,218,1.0,0.0,0.0,6.782360090218376e-11,1.0,1.0,1436.0,7843.0,0.9926724433898926,1.0,16.0,0.5783810019493103,0.9919028282165528,0.9994900822639464,343.0,1960.0,98.86070459999974
219,219,1.0,0.0,0.0,6.655486578521774e-11,1.0,1.0,1436.0,7843.0,0.9926724433898926,1.0,16.0,0.5758354663848877,0.9919028282165528,0.9994900822639464,343.0,1960.0,98.66656420000072
220,220,1.0,0.0,0.0,6.415876163679002e-11,1.0,1.0,1436.0,7843.0,0.9926724433898926,1.0,16.0,0.5787377953529358,0.9919028282165528,0.9994900822639464,343.0,1960.0,98.89800130000003
221,221,1.0,0.0,0.0,6.273001562639989e-11,1.0,1.0,1436.0,7843.0,0.9926724433898926,1.0,16.0,0.5752308964729309,0.9919028282165528,0.9994900822639464,343.0,1960.0,98.83970699999918
222,222,1.0,0.0,0.0,6.508704686325473e-11,1.0,1.0,1436.0,7843.0,0.9926724433898926,1.0,16.0,0.5823331475257874,0.9919028282165528,0.9994900822639464,343.0,1960.0,98.8635766999978
223,223,1.0,0.0,0.0,6.201452545928632e-11,1.0,1.0,1436.0,7843.0,0.9926724433898926,1.0,16.0,0.585500955581665,0.9919028282165528,0.9994900822639464,343.0,1960.0,103.59898449999673
224,224,1.0,0.0,0.0,5.979562678337658e-11,1.0,1.0,1436.0,7843.0,0.9926724433898926,1.0,16.0,0.5817444920539856,0.9919028282165528,0.9994900822639464,343.0,1960.0,105.3602964999991
225,225,1.0,0.0,0.0,5.951029946604791e-11,1.0,1.0,1436.0,7843.0,0.9926724433898926,1.0,16.0,0.5787134766578674,0.9919028282165528,0.9994900822639464,343.0,1960.0,103.56802369999787
226,226,1.0,0.0,0.0,6.164627142091206e-11,1.0,1.0,1436.0,7843.0,0.9926724433898926,1.0,16.0,0.5823767185211182,0.9919028282165528,0.9994900822639464,343.0,1960.0,102.7669962
227,227,1.0,0.0,0.0,6.102167382504575e-11,1.0,1.0,1436.0,7843.0,0.9926724433898926,1.0,16.0,0.579531729221344,0.9919028282165528,0.9994900822639464,343.0,1960.0,103.95020509999813
228,228,1.0,0.0,0.0,6.07276590125494e-11,1.0,1.0,1436.0,7843.0,0.9926724433898926,1.0,16.0,0.584040641784668,0.9919028282165528,0.9994900822639464,343.0,1960.0,103.86492400000134
229,229,1.0,0.0,0.0,6.034790028808246e-11,1.0,1.0,1436.0,7843.0,0.9926724433898926,1.0,16.0,0.582594096660614,0.9919028282165528,0.9994900822639464,343.0,1960.0,104.5688891000027
230,230,1.0,0.0,0.0,5.845294387407661e-11,1.0,1.0,1436.0,7843.0,0.9926724433898926,1.0,16.0,0.5865072011947632,0.9919028282165528,0.9994900822639464,343.0,1960.0,104.67320050000126
231,231,1.0,0.0,0.0,5.703410313473434e-11,1.0,1.0,1436.0,7843.0,0.9926724433898926,1.0,16.0,0.5838304758071899,0.9919028282165528,0.9994900822639464,343.0,1960.0,104.16861499999868
232,232,1.0,0.0,0.0,5.58563334474016e-11,1.0,1.0,1436.0,7843.0,0.9926724433898926,1.0,16.0,0.5819011926651001,0.9919028282165528,0.9994900822639464,343.0,1960.0,104.21679890000087
233,233,1.0,0.0,0.0,5.687727719361213e-11,1.0,1.0,1436.0,7843.0,0.9926724433898926,1.0,16.0,0.5865875482559204,0.9919028282165528,0.9994900822639464,343.0,1960.0,103.98756660000072
234,234,1.0,0.0,0.0,5.745782322152948e-11,1.0,1.0,1436.0,7843.0,0.9926724433898926,1.0,16.0,0.5832998752593994,0.9919028282165528,0.9994900822639464,343.0,1960.0,109.46495800000048
235,235,1.0,0.0,0.0,5.830325805478154e-11,1.0,1.0,1436.0,7843.0,0.9926724433898926,1.0,16.0,0.5814291834831238,0.9919028282165528,0.9994900822639464,343.0,1960.0,114.17591639999955
236,236,1.0,0.0,0.0,5.7543723258612893e-11,1.0,1.0,1436.0,7843.0,0.9926724433898926,1.0,16.0,0.5856660008430481,0.9919028282165528,0.9994900822639464,343.0,1960.0,110.35290990000067
237,237,1.0,0.0,0.0,5.5370746182559216e-11,1.0,1.0,1436.0,7843.0,0.9926724433898926,1.0,16.0,0.583166241645813,0.9919028282165528,0.9994900822639464,343.0,1960.0,100.06110669999907
238,238,1.0,0.0,0.0,5.6681170174099904e-11,1.0,1.0,1436.0,7843.0,0.9926724433898926,1.0,16.0,0.5837166905403137,0.9919028282165528,0.9994900822639464,343.0,1960.0,100.10640149999745
239,239,1.0,0.0,0.0,5.241778539000208e-11,1.0,1.0,1436.0,7843.0,0.9926724433898926,1.0,16.0,0.5819591879844666,0.9919028282165528,0.9994900822639464,343.0,1960.0,100.19001130000106
240,240,1.0,0.0,0.0,5.4802336280079793e-11,1.0,1.0,1436.0,7843.0,0.9926724433898926,1.0,16.0,0.5871222019195557,0.9919028282165528,0.9994900822639464,343.0,1960.0,103.41199330000018
241,241,1.0,0.0,0.0,5.132463551382749e-11,1.0,1.0,1436.0,7843.0,0.9926724433898926,1.0,16.0,0.5847616791725159,0.9919028282165528,0.9994900822639464,343.0,1960.0,105.37579089999781
242,242,1.0,0.0,0.0,5.073364645058476e-11,1.0,1.0,1436.0,7843.0,0.9926724433898926,1.0,16.0,0.5838108658790588,0.9919028282165528,0.9994900822639464,343.0,1960.0,104.7789737000021
243,243,1.0,0.0,0.0,5.2179090909154624e-11,1.0,1.0,1436.0,7843.0,0.9926724433898926,1.0,16.0,0.5819000005722046,0.9919028282165528,0.9994900822639464,343.0,1960.0,104.3896584000031
244,244,1.0,0.0,0.0,5.190061921900302e-11,1.0,1.0,1436.0,7843.0,0.9926724433898926,1.0,16.0,0.5869142413139343,0.9919028282165528,0.9994900822639464,343.0,1960.0,102.01199120000092
245,245,1.0,0.0,0.0,5.0924386235662305e-11,1.0,1.0,1436.0,7843.0,0.9926724433898926,1.0,16.0,0.5851706862449646,0.9919028282165528,0.9994900822639464,343.0,1960.0,103.47272619999785
246,246,1.0,0.0,0.0,5.03569581866703e-11,1.0,1.0,1436.0,7843.0,0.9926724433898926,1.0,16.0,0.5834819674491882,0.9919028282165528,0.9994900822639464,343.0,1960.0,104.06002179999996
247,247,1.0,0.0,0.0,5.1531116179726055e-11,1.0,1.0,1436.0,7843.0,0.9926724433898926,1.0,16.0,0.5823276042938232,0.9919028282165528,0.9994900822639464,343.0,1960.0,103.83557160000055
248,248,1.0,0.0,0.0,5.0847492882866157e-11,1.0,1.0,1436.0,7843.0,0.9926724433898926,1.0,16.0,0.5875605344772339,0.9919028282165528,0.9994900822639464,343.0,1960.0,103.81187110000246
249,249,1.0,0.0,0.0,4.951036802758324e-11,1.0,1.0,1436.0,7843.0,0.9926724433898926,1.0,16.0,0.5860093832015991,0.9919028282165528,0.9994900822639464,343.0,1960.0,105.06393989999924
250,250,1.0,0.0,0.0,4.948370879720443e-11,1.0,1.0,1436.0,7843.0,0.9926724433898926,1.0,16.0,0.5886925458908081,0.9919028282165528,0.9994900822639464,343.0,1960.0,102.80848500000138
251,251,1.0,0.0,0.0,4.7026427890672906e-11,1.0,1.0,1436.0,7843.0,0.9926724433898926,1.0,16.0,0.5874638557434082,0.9919028282165528,0.9994900822639464,343.0,1960.0,111.93315369999982
252,252,1.0,0.0,0.0,4.746552456635911e-11,1.0,1.0,1436.0,7843.0,0.9926724433898926,1.0,16.0,0.586428701877594,0.9919028282165528,0.9994900822639464,343.0,1960.0,116.1043892000016
253,253,1.0,0.0,0.0,4.80756233434132e-11,1.0,1.0,1436.0,7843.0,0.9926724433898926,1.0,16.0,0.5918435454368591,0.9919028282165528,0.9994900822639464,343.0,1960.0,114.65119830000185
254,254,1.0,0.0,0.0,4.641041370656573e-11,1.0,1.0,1436.0,7843.0,0.9926724433898926,1.0,16.0,0.5896517634391785,0.9919028282165528,0.9994900822639464,343.0,1960.0,116.97638840000218
255,255,1.0,0.0,0.0,4.6838501827073387e-11,1.0,1.0,1436.0,7843.0,0.9926724433898926,1.0,16.0,0.5883810520172119,0.9919028282165528,0.9994900822639464,343.0,1960.0,101.32921169999827
256,256,1.0,0.0,0.0,4.623535235226406e-11,1.0,1.0,1436.0,7843.0,0.9926724433898926,1.0,16.0,0.5903098583221436,0.9919028282165528,0.9994900822639464,343.0,1960.0,100.1251470999996
257,257,1.0,0.0,0.0,4.3265526578073477e-11,1.0,1.0,1436.0,7843.0,0.9926724433898926,1.0,16.0,0.5889670252799988,0.9919028282165528,0.9994900822639464,343.0,1960.0,102.99259979999988
258,258,1.0,0.0,0.0,4.1857843580128667e-11,1.0,1.0,1436.0,7843.0,0.9926724433898926,1.0,16.0,0.5944068431854248,0.9919028282165528,0.9994900822639464,343.0,1960.0,99.95393239999976
259,259,1.0,0.0,0.0,4.069574191523096e-11,1.0,1.0,1436.0,7843.0,0.9926724433898926,1.0,16.0,0.5929179191589355,0.9919028282165528,0.9994900822639464,343.0,1960.0,99.8319319000002
260,260,1.0,0.0,0.0,4.080109167192703e-11,1.0,1.0,1436.0,7843.0,0.9926724433898926,1.0,16.0,0.5916383266448975,0.9919028282165528,0.9994900822639464,343.0,1960.0,100.63144050000119
261,261,1.0,0.0,0.0,4.142761828029862e-11,1.0,1.0,1436.0,7843.0,0.9926724433898926,1.0,16.0,0.5903198719024658,0.9919028282165528,0.9994900822639464,343.0,1960.0,100.57816540000204
262,262,1.0,0.0,0.0,4.187536775668299e-11,1.0,1.0,1436.0,7843.0,0.9926724433898926,1.0,16.0,0.5894154906272888,0.9919028282165528,0.9994900822639464,343.0,1960.0,99.88139309999679
263,263,1.0,0.0,0.0,4.094759600836717e-11,1.0,1.0,1436.0,7843.0,0.9926724433898926,1.0,16.0,0.5877212882041931,0.9919028282165528,0.9994900822639464,343.0,1960.0,99.9504964000007
264,264,1.0,0.0,0.0,4.1711044340697605e-11,1.0,1.0,1436.0,7843.0,0.9926724433898926,1.0,16.0,0.5929773449897766,0.9919028282165528,0.9994900822639464,343.0,1960.0,100.05050239999764
265,265,1.0,0.0,0.0,4.0079248947444406e-11,1.0,1.0,1436.0,7843.0,0.9926724433898926,1.0,16.0,0.5920913219451904,0.9919028282165528,0.9994900822639464,343.0,1960.0,99.98702369999955
266,266,1.0,0.0,0.0,4.0275352497509687e-11,1.0,1.0,1436.0,7843.0,0.9926724433898926,1.0,16.0,0.5904355645179749,0.9919028282165528,0.9994900822639464,343.0,1960.0,100.00731000000087
267,267,1.0,0.0,0.0,4.078454240996621e-11,1.0,1.0,1436.0,7843.0,0.9926724433898926,1.0,16.0,0.5895988345146179,0.9919028282165528,0.9994900822639464,343.0,1960.0,100.16152960000181
268,268,1.0,0.0,0.0,4.190701258233176e-11,1.0,1.0,1436.0,7843.0,0.9926724433898926,1.0,16.0,0.5886813402175903,0.9919028282165528,0.9994900822639464,343.0,1960.0,99.98749460000181
269,269,1.0,0.0,0.0,4.1905885012072375e-11,1.0,1.0,1436.0,7843.0,0.9926724433898926,1.0,16.0,0.5879293084144592,0.9919028282165528,0.9994900822639464,343.0,1960.0,100.2092874000009
270,270,1.0,0.0,0.0,4.06177799727736e-11,1.0,1.0,1436.0,7843.0,0.9926724433898926,1.0,16.0,0.5940001010894775,0.9919028282165528,0.9994900822639464,343.0,1960.0,100.19186089999857
271,271,1.0,0.0,0.0,4.030132824683896e-11,1.0,1.0,1436.0,7843.0,0.9926724433898926,1.0,16.0,0.5923991799354553,0.9919028282165528,0.9994900822639464,343.0,1960.0,100.26425030000246
272,272,1.0,0.0,0.0,3.955925864662646e-11,1.0,1.0,1436.0,7843.0,0.9926724433898926,1.0,16.0,0.5916445851325989,0.9919028282165528,0.9994900822639464,343.0,1960.0,100.23452539999926
273,273,1.0,0.0,0.0,4.0185466065878466e-11,1.0,1.0,1436.0,7843.0,0.9926724433898926,1.0,16.0,0.5907958745956421,0.9919028282165528,0.9994900822639464,343.0,1960.0,100.20404059999782
274,274,1.0,0.0,0.0,4.106369758116735e-11,1.0,1.0,1436.0,7843.0,0.9931034445762634,1.0,15.0,0.5895520448684692,0.9924050569534302,0.9994900822639464,344.0,1960.0,100.23660149999705
275,275,1.0,0.0,0.0,4.14004976134752e-11,1.0,1.0,1436.0,7843.0,0.9926724433898926,1.0,16.0,0.5891180634498596,0.9919028282165528,0.9994900822639464,343.0,1960.0,100.38541299999997
276,276,1.0,0.0,0.0,4.135019063267187e-11,1.0,1.0,1436.0,7843.0,0.9931034445762634,1.0,15.0,0.5879730582237244,0.9924050569534302,0.9994900822639464,344.0,1960.0,100.27991929999916
277,277,1.0,0.0,0.0,4.112963788993618e-11,1.0,1.0,1436.0,7843.0,0.9931034445762634,1.0,15.0,0.5933237075805664,0.9924050569534302,0.9994900822639464,344.0,1960.0,100.31621090000044
278,278,1.0,0.0,0.0,3.97179962530192e-11,1.0,1.0,1436.0,7843.0,0.9931034445762634,1.0,15.0,0.5927312970161438,0.9924050569534302,0.9994900822639464,344.0,1960.0,100.20643199999904
279,279,1.0,0.0,0.0,3.990666130881948e-11,1.0,1.0,1436.0,7843.0,0.9931034445762634,1.0,15.0,0.5915193557739258,0.9924050569534302,0.9994900822639464,344.0,1960.0,100.14370170000257
280,280,1.0,0.0,0.0,4.059712635506863e-11,1.0,1.0,1436.0,7843.0,0.9931034445762634,1.0,15.0,0.5910009741783142,0.9924050569534302,0.9994900822639464,344.0,1960.0,100.41477700000178
281,281,1.0,0.0,0.0,4.0325468658730657e-11,1.0,1.0,1436.0,7843.0,0.9931034445762634,1.0,15.0,0.5906319618225098,0.9924050569534302,0.9994900822639464,344.0,1960.0,100.31046989999959
282,282,1.0,0.0,0.0,3.966494147022992e-11,1.0,1.0,1436.0,7843.0,0.9931034445762634,1.0,15.0,0.5936679840087891,0.9924050569534302,0.9994900822639464,344.0,1960.0,100.20757360000061
283,283,1.0,0.0,0.0,3.816936350320432e-11,1.0,1.0,1436.0,7843.0,0.9931034445762634,1.0,15.0,0.5926876664161682,0.9924050569534302,0.9994900822639464,344.0,1960.0,100.34499460000006
284,284,1.0,0.0,0.0,3.9593828216055726e-11,1.0,1.0,1436.0,7843.0,0.9931034445762634,1.0,15.0,0.5923361778259277,0.9924050569534302,0.9994900822639464,344.0,1960.0,100.3342487000009
285,285,1.0,0.0,0.0,3.9719970368334856e-11,1.0,1.0,1436.0,7843.0,0.9931034445762634,1.0,15.0,0.5978413820266724,0.9924050569534302,0.9994900822639464,344.0,1960.0,100.13295619999917
286,286,1.0,0.0,0.0,3.7217107867748567e-11,1.0,1.0,1436.0,7843.0,0.9931034445762634,1.0,15.0,0.597477376461029,0.9924050569534302,0.9994900822639464,344.0,1960.0,100.37751510000089
287,287,1.0,0.0,0.0,3.749683549769678e-11,1.0,1.0,1436.0,7843.0,0.9931034445762634,1.0,15.0,0.5963118672370911,0.9924050569534302,0.9994900822639464,344.0,1960.0,100.42230969999946
288,288,1.0,0.0,0.0,3.743691814883654e-11,1.0,1.0,1436.0,7843.0,0.9931034445762634,1.0,15.0,0.5951915383338928,0.9924050569534302,0.9994900822639464,344.0,1960.0,100.50987100000202
289,289,1.0,0.0,0.0,3.894447958563418e-11,1.0,1.0,1436.0,7843.0,0.9931034445762634,1.0,15.0,0.5948048830032349,0.9924050569534302,0.9994900822639464,344.0,1960.0,100.32283590000225
290,290,1.0,0.0,0.0,3.843601825703757e-11,1.0,1.0,1436.0,7843.0,0.9931034445762634,1.0,15.0,0.5939833521842957,0.9924050569534302,0.9994900822639464,344.0,1960.0,100.40152309999758
291,291,1.0,0.0,0.0,3.678013102415001e-11,1.0,1.0,1436.0,7843.0,0.9931034445762634,1.0,15.0,0.5960246920585632,0.9924050569534302,0.9994900822639464,344.0,1960.0,100.49632250000286
292,292,1.0,0.0,0.0,3.393103853444046e-11,1.0,1.0,1436.0,7843.0,0.9931034445762634,1.0,15.0,0.5947529673576355,0.9924050569534302,0.9994900822639464,344.0,1960.0,100.17223320000267
293,293,1.0,0.0,0.0,3.541450813160374e-11,1.0,1.0,1436.0,7843.0,0.9931034445762634,1.0,15.0,0.5943183898925781,0.9924050569534302,0.9994900822639464,344.0,1960.0,100.4006711999973
294,294,1.0,0.0,0.0,3.585784447146523e-11,1.0,1.0,1436.0,7843.0,0.9931034445762634,1.0,15.0,0.5936793684959412,0.9924050569534302,0.9994900822639464,344.0,1960.0,100.22933720000219
295,295,1.0,0.0,0.0,3.6277401221918026e-11,1.0,1.0,1436.0,7843.0,0.9931034445762634,1.0,15.0,0.5934722423553467,0.9924050569534302,0.9994900822639464,344.0,1960.0,100.26774110000042
296,296,1.0,0.0,0.0,3.5097584560883626e-11,1.0,1.0,1436.0,7843.0,0.9931034445762634,1.0,15.0,0.5922893285751343,0.9924050569534302,0.9994900822639464,344.0,1960.0,100.38527609999801
297,297,1.0,0.0,0.0,3.675917903400716e-11,1.0,1.0,1436.0,7843.0,0.9931034445762634,1.0,15.0,0.5982964634895325,0.9924050569534302,0.9994900822639464,344.0,1960.0,100.35228519999873
298,298,1.0,0.0,0.0,3.430914927160522e-11,1.0,1.0,1436.0,7843.0,0.9931034445762634,1.0,15.0,0.5975629091262817,0.9924050569534302,0.9994900822639464,344.0,1960.0,100.44450130000041
299,299,1.0,0.0,0.0,3.3960202705518576e-11,1.0,1.0,1436.0,7843.0,0.9931034445762634,1.0,15.0,0.5961655974388123,0.9924050569534302,0.9994900822639464,344.0,1960.0,100.3931941999981
